sample_id,phenotype,age,gene_001,gene_002,gene_003,gene_004,gene_005,gene_006,gene_007,gene_008,gene_009,gene_010,gene_011,gene_012,gene_013,gene_014,gene_015,gene_016,gene_017,gene_018,gene_019,gene_020,gene_021,gene_022,gene_023,gene_024
sample_001,2.3618798759,73.0878843629,0.5945289450,0.5872870292,-0.0899725453,-0.7463429551,0.9305500438,0.6498298082,0.4448115372,1.3582436017,-1.4493285343,-0.6327515090,-0.9219956258,-0.2213520100,-0.0492864045,-0.1985755701,1.9734343310,-0.3864561478,0.1048871313,-0.2123156400,-0.4942857248,0.2938934553,-0.1334002324,-0.7766643146,0.4875299289,-0.8740327933
sample_002,0.7327491740,63.1630513052,0.6127805748,0.9706461856,0.2063377193,0.4064252639,2.1362486948,1.2637332608,0.7593680890,-2.0039220963,-0.9216312768,-0.6148784275,-1.0626031902,-0.3261258299,-0.5635048219,-0.5024149124,-1.4479971859,-0.2910520293,-0.1917152697,1.0760506148,1.1120063930,0.9450994308,1.2691967533,-0.1938415226,0.8833156206,-0.0449913092
sample_003,4.3830456630,57.5554154372,1.5327806386,0.5032549277,0.7564448055,0.7380550017,1.0099027238,0.5558014166,0.3465938849,0.6121861742,0.2629351364,1.4684339974,-0.0954939146,0.6086074883,-0.2062079161,1.9529764802,-0.0338479965,-0.2298429401,-0.5998608150,-0.7820535710,0.0088991508,0.0089899691,-2.3465644287,-0.8352510035,-1.4385241706,-0.7737462314
sample_004,1.5355887863,50.5826076801,0.4845872234,-0.6350084915,-1.6306078121,-0.6323584743,-0.7733875022,-0.1103770981,1.0001395539,0.6154353335,0.4867275072,0.0921778226,0.2257133619,0.4517840482,1.2108351133,0.2276505372,1.0609089315,0.0628837593,-0.7471918397,-0.5223388230,0.3988152086,0.0415295872,-0.2366142914,0.5179462476,-0.8593772266,-0.3116273614
sample_005,-6.0278175386,43.4003395990,1.8493867755,1.5842420675,1.3917397811,0.0789316746,1.5011010506,1.1263305476,1.6898112915,1.1167885999,-0.7703120267,-1.8938504507,-0.7414773875,-0.6598345850,0.0091748515,1.4216148758,1.1456208015,1.1376830424,0.3649429676,0.5746783346,0.1238649043,0.8729503699,0.8866706889,-0.4387176994,-0.0492537843,-0.3887286008
sample_006,-7.5438849713,48.2370132453,0.0269688993,-0.0790678135,0.1236944114,0.5195924062,0.1179766482,0.0271066112,0.2868107699,0.5679233311,-1.8708271637,-2.7587977471,-0.5029300684,0.9444407220,0.1254498440,0.8352382049,0.1694259567,-0.1619151522,-0.2972482079,2.2522868297,1.3950135987,0.2578912568,0.1466860059,-1.8698293371,-1.3397892290,-1.1197196636
sample_007,4.8895893802,56.7411963155,0.7720070366,-1.3304839416,-0.6719634446,-0.0455986250,-0.2678541357,-1.0260974051,-1.5455393267,0.6101716326,-1.2192079299,-0.4395878230,1.4406371799,0.8811590909,1.7371195839,1.1884098130,0.1024121930,0.1314017610,1.2006495491,-0.2973226022,0.6387593595,-0.2232765850,0.7874296118,-0.4567053729,0.4228513301,0.2366178001
sample_008,1.3680128725,41.3634277445,-0.5993600851,-1.2132104330,-0.3756550897,1.3399227940,1.1027592042,0.5572462547,-0.2975550936,-0.3143330303,-0.0466501915,0.0687713371,0.7269985827,-0.2624591340,-0.9955250184,-0.5624263749,-0.3677190722,-0.2320337068,0.7013000704,-0.8772746262,0.9378974196,-0.0161370921,1.0127746800,0.2404108739,-0.1381902076,-0.1759563441
sample_009,3.6290939300,60.2643751482,0.2174598093,-0.1116728812,1.2748073821,-2.0664731723,-1.9605804752,-0.4618367161,0.9634849159,-1.2168316788,-0.5445001791,1.0546049651,-1.0531233418,0.5899935829,0.3009589126,0.5616970370,-0.7339008544,-1.8323100289,-1.0773651015,-1.1843520382,0.9752931875,0.6698463333,-0.6234818807,-0.2836034314,0.1694686227,-0.1952503367
sample_010,3.6563082483,39.1747237278,0.5705739542,-0.9001291884,0.6438427862,1.7400355272,0.9295719634,1.0854700839,-0.4598163665,0.5682145444,-1.0612701060,-1.8933586008,-0.9887909432,-0.1171868753,0.9263215714,1.1985477309,-0.8157590875,1.1304054512,-0.3512163584,0.3206335306,0.5829686465,0.0579162113,0.3402152174,0.1170593413,-0.5764853353,-0.7863858828
sample_011,0.6680085826,30.4283170218,-0.4946519722,0.1646940299,1.1146273771,0.6178951019,-0.3901497074,0.5927847658,0.8837628600,-0.4586739957,0.0765034935,0.5787542911,1.2080320925,1.2482277217,0.6512050589,-2.2370294432,-1.8671577946,0.4872486052,1.4156589158,1.4035225522,-0.4799988198,-1.5316171078,-0.6856004076,1.4965578632,-0.0441149245,-1.5833599144
sample_012,0.0655389422,38.8669107376,-1.4080925527,-1.5780862347,0.2709267874,2.1696420711,0.7081319723,-0.3376767336,0.8355713040,1.2863609764,1.9686618074,-0.0124036450,1.2281931904,-0.2725104450,-1.1992157622,-0.9926073503,0.9190086478,0.0433837148,-0.2094136883,0.5303817901,1.0714087852,0.1726954014,0.0702266920,0.0923664220,1.1975863230,-0.4177453560
sample_013,-9.1802228854,31.6808130398,0.1314402626,1.1178124611,1.2055529960,-0.5261005964,0.0752848705,-0.5091171993,0.6121491318,0.2437112493,-0.0147694532,1.2194296452,0.8166754109,-0.8799481263,-0.4884405369,-0.4118023531,-1.0940420044,-0.5805612879,0.0203852294,-0.2584217589,1.3505486139,0.4738180859,1.6458818018,2.0726565436,1.3750318898,0.6031398500
sample_014,0.7201848803,34.9043066346,0.1223354378,-0.4197871900,-1.5024311251,-0.1999160474,0.5043412696,0.9827364051,0.5769011127,1.1135897403,-0.8513411156,0.9369666795,-1.1943597305,-0.8809967050,0.7197129581,0.1431481302,0.0026567240,0.2408122129,-0.2132250757,0.2941442858,1.7350243403,0.9269578897,-0.1922069105,-0.5373845075,-0.9814135568,0.3309795556
sample_015,1.6797870675,62.4534675061,0.1514417683,-0.2778274920,-0.8373490613,-2.2528416537,-2.5953683069,-1.2282161106,-0.0085150192,-0.2651921053,-0.2355621258,0.3873658814,0.8356707485,0.3918961764,-1.3354005980,-1.5160041872,-0.1333682041,0.4912751983,-0.3511863954,-0.7883022431,-0.2649666015,-0.5518112764,-0.8269170857,0.7865350094,0.9787885986,0.3397479131
sample_016,-0.0870063390,47.7983292770,-1.2849266668,-1.3768798171,-0.5645069183,1.0117408561,2.3921148616,0.6271296732,-0.4887285004,0.5259694074,0.8741870161,0.6643855933,-0.4114504413,1.0169750382,-1.1359627216,-0.3980822792,-0.6632085995,-1.6891959650,-0.7955925801,1.2411333996,-0.7058893700,-1.1157447831,-0.4663099660,-1.6240799234,-1.6853941318,-1.4352815950
sample_017,-0.2415121630,52.4043829477,0.3027406932,0.7961975791,-0.5864885891,-1.1271690219,0.1728587598,0.8573244871,0.3601127132,-1.7515895320,-0.7318331108,0.3831828373,-0.2120455144,0.7940219380,0.5607853715,-0.5039077638,-0.7731227589,-0.4005536543,-0.1249609094,-1.7958431157,-0.2642497284,-1.6254175998,-1.2053742939,-1.1277635463,-0.1527645685,-0.5655963756
sample_018,0.1712786455,62.7392491647,-1.0626700574,-1.3075063271,-1.2403771557,-0.8820813780,0.6612994859,-1.7351625187,-3.3972271915,-0.9455558123,-0.7746927313,0.8233473415,1.3019764819,0.0558301076,-0.4900733944,0.7784807215,1.4386384595,0.8788452594,-1.0334239465,-0.6405491986,0.0878904418,-0.0036152563,0.4711921945,1.0946214744,0.8263583027,-0.0783287918
sample_019,2.0134645663,63.8501185010,0.8664615094,1.0200348994,0.3500239978,0.4172786434,1.4165890311,0.5612590685,0.5288921212,-0.9261013148,-1.6246243809,-0.0085786961,0.6263129075,0.3400345549,-0.3690327632,0.7507394704,0.1256898419,-0.2542767396,0.4669311614,1.0714439008,1.9099044916,0.5309436202,0.2937769637,0.1994248078,-0.3346697175,-1.2601712881
sample_020,5.7421099966,44.4494477151,0.2748003292,-1.6558204319,1.0446405779,-0.2862205741,1.4074677324,-0.1875939673,-1.0750964375,-2.2054108931,-1.7557681300,-1.4318494155,-1.6016052561,0.6357387084,0.6818975543,0.3163312650,-0.2603480934,1.2607559266,0.2809191186,-0.5451194588,-1.1993181119,0.2914315934,0.6526308047,0.5036320332,-0.6032852912,-1.5390800793
sample_021,9.4572691748,64.6142110662,1.7206668608,-2.3003896814,0.0224182297,1.1601071873,0.7152265643,-0.0230312310,-0.4577140338,-1.2780417557,-1.3315673553,-0.3110636518,0.2392602820,0.5779434472,2.0031808688,0.9567002180,-0.9048566098,-1.3273469729,-0.0695690632,-1.2989450985,0.3957244416,-0.3978887626,-0.0263930494,-0.6843555738,1.7179210666,1.0585238911
sample_022,0.8026772890,54.2305753463,-0.1183059614,0.9147516077,1.4305488163,-0.2249251616,-0.4982605755,0.6731631373,0.2242495648,-0.8926236243,-1.8621157399,-1.7470788847,-0.4755791753,-0.7157791486,-0.8518385575,-0.1424225138,0.1938379285,0.4704353155,0.0370924262,1.0253648547,0.5978308536,-0.0201588436,-0.9877752083,-0.9348235417,0.5174786896,-0.7218225357
sample_023,3.9608902865,50.0365923533,0.9385231200,-0.3499372839,-0.2487279533,-0.4977687716,0.8717832844,0.5831972063,-0.1361277290,-0.9635664217,-0.6206839455,-0.4853816472,-0.3779564373,0.8715897432,1.2375667476,1.0961715554,-0.4730827502,-0.4302997473,0.9433353142,1.4143047246,0.6975848507,0.3157125883,0.6217611626,0.2880125368,0.7974126837,-1.0745416469
sample_024,3.1653853262,54.8630881249,1.1365878484,0.8625259452,0.0378599755,-0.2144569704,0.2963762186,-1.2450959594,0.1838208320,-0.5723350463,-1.2541394149,-0.0345088085,-0.9304897421,1.8400368242,-0.8716643240,0.9547584300,1.3961933387,0.8358025801,-0.4319413150,0.8885099870,0.3949923622,-0.8143524762,-0.1883374245,-0.8552671745,-0.4895852969,-0.0740604520
sample_025,1.2398922403,34.3181071881,1.0591301455,1.0352023189,-0.0039122609,-0.4271087040,-1.6595681292,-1.3448587190,0.2690051807,0.1895689133,0.1658423585,1.4571849363,1.6691393991,1.1353987120,-0.0737168132,0.8118067965,-0.1426590502,1.6442925131,1.6159347219,0.7065077589,0.0828944780,-0.2968551288,-0.1418956668,0.3467537577,-0.7568006645,-0.2140760655
sample_026,1.8923601771,41.3528872977,0.5424461683,-0.7002424531,-1.5241152933,0.8460268216,0.6556290985,1.4117600935,2.9959373478,0.2686670677,0.3063391599,0.3145441293,1.1717106769,0.2234019983,0.7266654600,0.3408240760,-1.1154846129,0.6407288587,1.5469543679,0.2937819903,1.6527305329,0.5183013648,-1.2739652353,-0.7176593035,0.0430922466,0.7714720575
sample_027,0.3352285217,48.8104330973,-0.7011787252,-0.8237420580,-0.7523983639,-0.4445241665,-1.3315042799,-0.9432034499,0.8708057292,1.9213250213,1.0567238867,0.8997503750,0.4307015574,-0.6669959183,1.5229952828,1.1404943276,-1.0418513429,-0.3958159240,-0.7599517633,0.1027428445,-0.6814058407,0.9048588256,0.6656826102,-0.2354060280,0.8725609967,-0.1002618054
sample_028,-0.9626358070,56.7067839439,-0.4494005599,0.1611535534,-1.2828575770,-0.4500468019,-0.7098632527,0.0255201345,-0.2010995579,-0.9354295353,-0.6783703863,-0.4812540256,-0.4419444717,-0.1485881995,-0.0013047389,-0.3791641919,0.5475139762,0.7406861986,-1.1245256771,0.2506246391,0.8150014180,-2.0273246748,0.4511314485,-0.5005949705,-2.1437225339,-1.3311214753
sample_029,4.9936177453,45.9076584536,1.3530492394,0.0477347770,0.5816157939,0.6522284184,1.8149844796,-0.8752960390,-0.3750106923,-1.0758487493,-1.2909117004,-1.4737010149,-0.9420444145,-1.1524831630,-0.5543485019,0.0715762609,1.4721690738,-0.7786116412,1.2663885269,-0.5736240961,0.4868335260,0.1762243147,0.8290117343,0.7719532641,0.5312138402,-0.0470775525
sample_030,-0.5055256295,48.5994936614,-1.0334005412,-0.3165659908,-0.6305861944,-2.7184450846,-1.2102362627,0.6834078886,-0.5799293061,0.5437100058,0.3528925143,1.3539880361,0.1955579059,-0.6270735244,-1.1836984339,-1.2280515431,0.6825960834,0.1270921530,-1.2675159126,-2.0844257138,-0.0880534521,0.4599346097,-0.4401434008,0.3861423358,0.2911430582,1.0964866827
sample_031,2.5073868217,60.6637805337,2.5113954703,0.9354224309,0.2058668664,0.4551041161,-0.8429708738,-0.3440051564,1.0338664180,1.7392236531,-0.2040617760,0.3813703051,-0.2672373523,0.1432271074,-0.8453216408,-1.8765843924,-1.0879665230,-0.4190932304,1.1559813792,0.8131969827,1.4268766138,-0.0851593538,0.7627885609,1.9226445598,2.4625472928,0.2930060930
sample_032,4.4620685921,65.5287178594,0.7128907336,-0.8956501054,-0.6313247955,0.0425890399,-0.4823755543,-0.9665886776,-0.2150997077,1.3888282284,0.1899854589,0.1539382828,1.2229958211,-0.6509369547,-0.3294615346,-1.2541423546,-1.9663248469,-1.6523164577,-1.0178158163,-0.5908316439,-1.6070402978,-1.0753464710,-1.0614353539,-1.7487253841,-2.0973434670,-0.4436602201
sample_033,3.1140035975,58.4384635210,-0.2465710718,-1.1659257147,0.0501503907,-0.4906518952,0.9989487912,0.2162220319,-2.0912691474,-2.1572309514,-0.7720548688,-1.4011935657,-0.5841065362,-1.1592204179,0.3095814029,0.6743648526,1.5039855958,-1.4372799165,-0.9735335300,-0.5957919371,-1.1894058474,-0.3514044686,-0.5466525260,0.2044188755,1.9226047392,-0.0963261892
sample_034,0.2200919436,63.9526427750,-1.0708866560,-0.5583467138,-0.3099370445,0.9493315715,0.6716736885,-0.3920334651,-0.4440212283,-1.2316242725,-1.2725829133,0.2167651009,0.3250823286,-0.9308475437,-0.5699176844,-1.1871408013,1.2047812080,0.0651132218,1.8951523654,1.8982629024,1.3656705648,0.1307744636,0.9280609468,-0.5630178044,-0.1188856539,0.0389423550
sample_035,3.0293335967,45.5520417705,-0.4159267841,-0.4883159424,1.1235416476,0.5155534973,-0.5923228733,0.7600524716,0.3493118319,-0.7480862060,-2.1060958381,0.2714140538,-1.0666749148,-0.0041969096,-2.1221644915,-0.2954248084,0.8354886383,0.7034080276,0.0086351017,0.8641635953,0.7831349735,0.5600243955,0.2701886776,1.6688410289,1.6025236939,-0.3909015257
sample_036,3.4692053839,46.6292141256,1.4162500832,-1.0945304156,-1.4192125614,0.2995257645,-0.1842916870,1.1559192728,0.6067702474,1.3235911604,1.0023686717,-0.2417390780,0.4720481033,-0.6364616848,0.0795293900,0.1024288776,1.3554070524,1.5757316385,0.9353772711,1.6209846462,-0.2798244348,0.7393567559,-0.0038302847,0.4431340652,-1.1923220248,0.3845022110
sample_037,-12.9210791155,53.5018900474,-1.5107566696,-0.0521700750,-1.1303881047,-0.2579731587,0.2921004998,0.3770621788,0.2740565890,-0.1367908134,0.4329131803,1.6118336130,-0.1436268699,-2.0166302455,0.4436119831,0.7973155451,0.7270155414,0.3479554175,0.4136220348,0.5581165849,-0.4992274310,-0.8603521725,0.0184072326,-1.1806413865,-1.8344190618,-0.6031157020
sample_038,1.7002703094,46.6882050445,0.3479649955,0.4269003570,0.5547603390,0.6966548420,0.3125624078,0.4533862924,0.3960226189,-1.9028474993,-0.6521196698,0.9938680273,0.6365223666,-0.8392422918,0.4356025978,0.3761231883,0.3585026958,-1.2328255490,1.6832155328,0.4846514195,-0.3857198405,0.1030017421,0.5947123873,0.3596738418,-2.3290413514,-0.4349864673
sample_039,2.7402465879,44.4215741503,-1.1181099675,-1.9181718324,0.5528534379,0.5995989647,-0.9104940792,0.4574078795,-1.7777949647,-0.7735150941,0.0673789089,1.0012986678,0.6870062389,0.4503492527,-0.5487355254,-0.7750998629,-0.0444053317,-0.2023714347,-0.3155484564,0.8885671506,0.4355924477,0.3348462762,-0.9330281071,0.9093378470,0.2735862095,0.2854115926
sample_040,0.4229798509,68.1735876704,0.0017759776,0.7925049282,0.0066390549,0.0116095669,0.1392404420,-0.0927618954,0.0836319909,-0.1313361400,0.8239236823,-0.4507314019,1.2656174627,1.4947459505,0.2479063429,0.9248615403,-0.7012794549,0.7286041030,-1.0169524551,-0.3039848320,0.1173629393,-1.2432568069,0.0339935340,-0.5177047300,-1.3626489151,-0.9491989890
sample_041,4.1445716028,47.7870098281,1.1415958563,1.1789864783,2.7258487457,0.5411389916,1.2757911508,-0.1540559103,-1.1664535246,0.1299776370,0.3008142016,-1.1432768032,-1.7903821809,-0.5883328745,-1.4730869742,-2.0819248049,-1.2811038427,-0.6511153323,-0.5442103930,-1.6736431505,-0.8291215275,0.0117657079,-0.0070644494,-1.5780058832,-0.1202006321,0.6537704788
sample_042,-1.0736988600,39.3738445843,0.1511768094,0.4189958425,-1.4381254920,-0.0120764689,-1.4499887038,-1.1557243221,0.0503442965,-0.9762217713,0.1717101737,0.5098326711,0.1748447736,-0.5249606722,-0.5264162286,-0.0079472134,-0.3038492055,-0.2482487150,-0.0552755009,0.4325350675,-0.7045394814,-0.7640145496,-1.8334840387,0.7141009087,-0.6556183160,-0.2117445303
sample_043,-0.8679549476,55.3613730722,-1.0912170268,-1.6430830312,0.3788692855,0.3108445401,1.6571392783,1.2575117277,-0.3192847331,0.2466693223,-0.1083359267,-0.6580762238,0.8721096971,0.5918358547,-0.5714171063,0.3035552323,-0.6857517958,1.4734670641,0.7210183081,-0.6995415471,-0.2435433952,-1.0124456571,-1.2665535117,0.5185450520,2.2669407498,-0.9091213484
sample_044,2.2042315998,70.1937434605,0.0829036431,-0.4776785069,-1.8624798680,-0.0310458875,0.1048599738,0.5439139609,-0.3803303742,-1.2811707361,1.6696039562,1.5614683239,-0.4002389446,0.3583519172,-0.3533912250,2.0869078538,0.4264888489,-0.1294723560,0.5197166950,-1.6059298527,-0.8367376965,-1.1692693473,-0.8855443061,-0.6249562779,0.3146769900,-0.2002613081
sample_045,2.9286348878,50.8889005840,0.2620241380,-0.9201837151,-0.6718023752,-0.8599664598,0.6396701280,0.4693886415,0.1029617846,-2.2725274062,-2.7453100704,1.3794729494,-0.0488002571,0.1526069644,-0.4375603023,-0.2455287564,-2.4278642274,0.2306320807,-0.6386190411,0.7569829290,-1.0768555062,0.1525910276,1.2679929882,0.8798332552,0.6381094220,0.9289313475
sample_046,1.1418319784,63.5451024826,0.2751082834,-0.1083466025,-0.1593279433,0.6437007343,0.7382595390,0.2650289542,-1.0268182116,0.8965395997,0.0830173527,-0.1520862704,2.6868741245,-0.7556554935,0.4348390108,-0.6370900063,-0.2892456335,1.9476420984,0.8562123509,0.7727023912,-0.1753009421,-0.3837458305,-0.3913318571,1.2325141287,0.2082365167,1.9376838517
sample_047,0.9890645341,45.1836755230,-0.3961862198,-0.0229049218,0.5442162893,0.6058848083,-0.3266315696,0.8394093738,-0.6312270471,-0.8405777124,-1.3165917751,-0.5396847298,1.1040430500,0.4336693206,-0.0360833061,0.1846004994,-0.1944643637,0.9484684181,0.3951553524,0.1972491982,-0.1896941612,-0.2336723944,0.7676076850,-0.2336277651,0.7218110714,0.4276588278
sample_048,0.1677606814,44.5955449005,-1.8138604083,-1.4780872288,-1.2466748957,1.0849879778,1.7383390145,2.0276967487,0.0798067839,0.2786503091,0.2008704124,0.9577763050,-0.5945502922,-1.0410711697,0.8828569549,0.5044745857,-1.2302919709,0.4634914742,0.1443974846,0.3721866522,0.4074373668,-0.8399703830,0.3965866729,0.9549292303,0.1116346100,2.6985181491
sample_049,1.5321358535,42.4119684159,0.3003995434,-0.0476336543,-0.3851918289,1.2063916441,0.1162113985,-1.2047774948,-2.2874382805,0.3144014073,-0.7619563952,-0.4229838219,-0.7408233824,1.1482632317,0.7519211079,1.2470063742,0.2876582795,-0.6221491336,0.1590623206,-1.0801018586,-0.3897549137,0.1904447149,0.6560514408,1.0178578620,1.5233210806,1.0177103946
sample_050,-1.4766348931,48.4224849722,-0.2568983173,-0.4297059646,-2.2878443900,-1.3620932226,-0.3534989030,-0.5166316170,-0.8755866090,-1.5333315553,-1.0903030812,-2.0763425584,-0.3887065446,-1.0195013614,-1.0437738769,-0.1738371823,-0.7042081385,0.4497831038,1.0751896929,-0.1742884036,0.1302430312,-0.4773323456,1.5922082416,1.2034791978,-0.1658043470,0.2764105577
sample_051,2.0041494812,70.1998170442,-0.2565833386,-0.5471615288,0.1062300369,0.3006124773,0.8526670571,1.7626752076,0.3065275230,1.9099857978,0.6324822708,0.0980276550,-0.7524628865,-0.4488885295,-0.5133381155,0.5160138220,1.9442396547,0.3139300327,0.3199648852,2.0025941329,-0.9746909863,0.9286059878,0.5166028602,0.3398814989,-0.5670443027,-0.9376487482
sample_052,16.8573157498,37.2895530499,0.8563822332,0.6197147936,0.1290913326,1.2755008242,0.3974820001,-0.8647324780,0.7978144308,-0.3226645975,1.5878818363,-0.1680107213,-1.1352613614,-1.1172719299,-0.7883610040,-0.3466620300,0.7082987506,-0.0727822416,-1.0080555438,-1.3385940265,-0.3750402560,0.5982004530,-0.4504616235,-1.5132163113,-1.1320349252,0.2746629722
sample_053,1.3357873834,68.0096271319,-0.5190475660,-0.1332902051,-0.0175202508,-1.2257484294,-0.7019530700,-1.2631072470,-0.9099034874,-0.7914238548,0.9254403714,-1.6477677134,-1.4239370830,-1.4968121261,0.1631364488,-0.2256722106,0.7283195335,-0.8108377529,2.4520975008,1.9155263450,1.9091807874,0.1612917376,-0.4334892669,0.3483299603,1.0476914732,0.9342063091
sample_054,2.9738801888,38.9070765820,1.2792347011,1.5767760921,1.5102423906,-0.4019316280,-0.1689714844,0.3049764844,1.2157163723,0.0376783986,1.0037464343,0.4735466949,1.5561216477,0.3531325392,-0.7844416994,0.2237672462,0.5055329517,-0.4302282789,-0.8918455950,1.0830327300,-1.2817313303,-0.7618619239,0.5479795342,-1.3174415298,0.6814995661,0.0144559198
sample_055,-0.6880025861,47.4280742314,-0.4864610508,0.7882778092,-0.2567869070,-0.6654990247,1.7087763465,-0.2668696806,-0.6397071279,-0.9064898013,-0.8341934891,0.5484302130,-0.4033841033,-0.5879602676,-1.6693303145,-0.2793154026,-1.0394109637,-0.7135157291,-0.1764378927,-1.8580502131,-1.0332468724,-1.2586307970,0.9910249111,-0.5313919772,-0.7219991445,-1.6193926912
sample_056,-1.5828128514,59.1937058450,0.6932177663,2.8276268329,0.4731476144,-0.7038258195,-0.7953246104,0.1554238311,-2.0294485674,-1.7294956347,-1.2099917614,-0.1453359706,0.3080642031,0.2231844750,-1.1100884052,0.5198643266,-0.3288468749,-1.4347223384,-1.3122418605,-0.1294659454,0.8812691768,-0.0153157034,-2.0939790482,-1.8376797342,-0.4132970524,0.7623553835
sample_057,2.9350275059,56.9329236144,-0.1988176586,-1.1347540481,-0.7641877143,1.6748376785,1.7756856644,2.2526802111,-1.0785193627,-1.8304985161,-1.3595183821,0.1307354334,-2.0192865886,-1.0549986895,0.4347401398,-0.0037091645,0.7128065944,0.5739842868,0.0586879241,1.2709937227,0.4101355678,0.0819238566,0.4587806648,-0.7415029487,0.8380111607,0.9330891673
sample_058,5.1083150906,53.1023317640,1.0496157454,-0.9283596592,-0.7851315471,0.9726716749,-0.4603190588,1.0049938205,1.5807950567,1.1577129981,-3.2269790594,-0.1673954417,0.4971928417,0.1439100275,-1.1348421237,0.1222971681,-0.0457884952,-0.0927076090,-1.3152105689,-0.7814813781,-0.9286486101,-0.9462508628,0.1240430635,2.3535995628,-0.0952090412,0.3539034543
sample_059,0.9598349627,31.8569735303,1.5852401443,0.9535526211,0.0541873203,-0.6606994758,-1.9235558674,-2.9216991839,-1.2676509623,-0.8846675792,-0.5676746452,-0.1109070271,-1.3258025052,0.9365484947,0.2570375545,-0.9198710472,-1.8025911399,-0.7516288616,-0.9738916801,-0.1384030695,-1.6637842171,-3.3707895897,-2.2720594803,0.4936007901,-1.6243844860,-0.7915293818
sample_060,0.7220504980,53.9845753766,-0.8435448224,-1.5921468346,-1.1033449306,-1.5102490266,0.2534501149,0.5339232045,-0.8826632787,0.0258020122,-0.0722967908,1.1387709113,-0.1254071713,0.7654614547,-0.4365918770,0.2783029928,-0.7936266859,-0.2759138813,-0.5019375959,0.9601224534,2.2425841431,1.1477927005,0.3031670971,-1.0316208303,0.5943026920,2.3331944788
sample_061,-1.9366289486,38.7539882755,-1.7438964069,-1.7780341994,-0.7855451976,1.0263028014,-1.1067465828,-0.0897351402,0.8989940459,0.0592343600,-0.3353942774,1.3292294798,-2.2437721838,-0.7435556267,1.3552081014,-0.7058186814,0.1765028216,1.8065076863,0.0251398497,-1.1380770179,0.9451296503,1.4195976367,1.2817642474,-0.4526147795,-0.9453621965,0.1480443277
sample_062,2.7197239485,78.2580003931,-0.4333314204,-0.4018113755,0.8185078037,0.2610635497,-0.1349273674,-1.4105388607,-1.1000183736,-0.1399541431,-0.8979700162,-0.5269736965,1.1945481412,1.1592344009,1.8357798735,-0.0750086178,-0.2864071878,-0.6004599434,-0.4016507497,-0.9368438204,-0.4438909878,-1.7074171441,-1.9048751676,0.2992821706,1.5249174109,1.5821834479
sample_063,-2.9719153339,47.6522861205,-1.5978786714,-0.2389144414,-0.8954314939,-0.2618145593,1.0680117309,-0.4878656051,0.5349799944,-1.4972310110,0.2532838551,-2.2230839585,-1.4126771449,-1.1802512230,-0.4047287337,-0.7181837538,-2.0477565994,-0.8965891509,-1.1289066132,-0.5040356411,-0.8509134399,-1.9474915296,0.5694501168,-1.9604117479,-1.4392518500,0.8201267284
sample_064,1.6673531149,52.0759185315,-0.7390377643,-0.0591174596,-0.5547327204,0.6494133215,-0.5663301018,1.6327696878,-0.8366245048,-0.6859727313,-0.9095704140,0.2900880725,1.3650305726,-1.7285417701,1.9485007877,0.7598876308,0.5652264600,-1.1364751721,-0.3525758109,0.1067439727,-0.9909762518,-1.8763476071,-0.9065417577,-0.5300228922,-0.2811403019,-0.5231086932
sample_065,2.1572257994,37.3862847046,0.6768642147,0.9412875036,-1.0507032669,-0.3683586773,0.5510500246,-1.3417520813,-1.2342224953,-0.9540688689,-0.6559231054,0.3375078956,1.8948316719,-0.2703488832,-0.4757517680,0.8805725767,0.6114208020,-0.5391596822,0.4009518057,0.1043153381,0.6687252476,-0.8336481721,-0.6537154674,-2.2018686847,0.3571202738,-2.0780231061
sample_066,-7.7592441750,44.7323187352,0.6584431111,0.8571728106,2.0657258166,-0.0585662549,0.1218778187,-0.9000786417,0.6699358739,0.9799498848,0.0412840113,0.4923028037,-0.0201455852,1.4002160675,-1.1180810703,-1.3325316706,0.5135086723,0.4149001466,-0.5216434639,-0.3108030171,-0.4796513616,-0.5966202320,-1.3231070614,-1.0734736068,-1.1273377019,-0.4358097477
sample_067,2.0967452507,35.7985362274,1.4131168524,1.1619763066,-0.0042440543,0.3852661619,0.3872031830,-0.3351291306,-1.5660380461,0.4595570558,-0.2350450271,0.3602365200,0.6604226711,1.2284799146,1.0221919054,-0.1365068648,-0.3987532581,-1.0069418939,-0.3941809546,-2.6665686516,-1.5598560360,0.5500496330,-0.2173668403,-0.1929371783,-0.1634575234,-0.5854541312
sample_068,0.4894567159,60.7968600772,1.0367820672,0.0640119868,-2.4607275223,-0.7003194329,-1.1815230889,-0.3282216637,0.8372070734,0.4415408532,-0.5907502407,-1.5975531882,-1.1881503244,-0.3372734902,0.2732450946,-0.9287023772,-1.8242891579,-0.6445365006,-0.1790255760,0.2901993327,0.0899457873,-0.3999952630,0.5972237697,0.5218081136,1.0870911306,-0.2412816075
sample_069,1.4263357429,47.1183032510,0.4600136237,0.4683170435,0.5513203237,0.1821343940,-1.1969971141,0.6353574319,0.5106893794,0.3475965264,-0.0947460123,-0.6968266908,1.4689584215,1.9847051970,0.2529460547,0.2692910081,-0.7134285524,1.9482649012,-0.1169480578,0.1378769871,0.8626182780,0.2982384618,-0.6641768481,-0.8144962762,-1.5486061253,-0.2886728662
sample_070,1.8240985012,56.1892689019,0.2113847297,0.8216352071,1.2238802919,1.3460471695,0.2010057438,0.3799544316,-1.0287362950,-0.6996235390,-0.6400717548,-1.7980920664,0.1100531315,-0.6215812825,1.5459424242,1.1047674092,-0.1941677972,0.5623958789,0.7701988784,0.3262660257,-0.0025052467,-0.9035395495,-0.3541136280,-0.1665481465,0.3674088456,-0.9554733577
sample_071,-7.1867770177,42.4695404497,-0.1146113463,-0.4655880348,-0.4533333156,1.0553634822,1.3451953456,0.3820735702,-0.9463726479,-0.1054629136,-0.7465674406,0.0247775338,0.0359424310,0.4911464931,0.6150309170,-2.0974266005,1.4104901736,1.7676649447,2.4332207272,1.1549322424,1.3247509833,0.1089340909,1.2502445681,1.4041581124,1.5753607327,0.1638489010
sample_072,1.2003515704,44.4874328181,0.3168856857,0.1627391303,-0.3162596147,-1.5389422417,0.2002872811,-1.0629496432,-1.0723293475,0.8896653591,0.2850065360,1.2748788008,0.7261337561,0.1985739202,-0.7292603838,0.4905066048,1.0168041267,-0.1269950494,-0.7193438860,-0.5471879255,0.7220069609,1.8568877741,0.2673290821,1.1760099296,-0.5471018250,-0.1656305016
sample_073,-10.5169058444,64.1699871166,-0.7739352401,-0.8381775703,-0.5643722595,-0.1918110018,-1.1518719584,-1.6066553102,-0.1873686397,-1.0827670403,-1.6521293760,-1.5025600658,0.3604849930,-0.4836900815,1.5170260082,-0.6161897081,1.7772380388,3.4946337124,-0.1096704318,-0.3903926521,-0.5638138098,0.0499953071,0.9499593437,0.5762435842,1.0872964011,0.9499493031
sample_074,5.0125160096,39.3113739450,2.2591081677,1.4102526948,1.1754256832,0.4581597030,1.0702410301,-0.4622441839,-0.0131676881,0.6010144508,-0.6301121181,0.0109073724,-0.3734897181,-1.5096561055,-0.0798082133,1.0305148822,0.8999315548,1.4059934756,0.7188758409,0.0669308551,0.0435147425,0.2400632349,-0.0045213800,-0.6536178848,1.2933581733,2.6197446024
sample_075,3.0063068286,30.1841157864,1.0607075958,0.7700812225,0.8498284822,0.8274048339,-0.1683690994,-0.1119357653,-0.8540633187,0.7639627495,-0.5292952500,0.4476144337,-1.4125986511,-0.7754658269,-0.5832618472,-0.7464636205,-1.4198644136,-2.6007836227,0.4410235469,0.1386981946,-0.4178322229,-0.3372781152,-1.7033426927,1.7205266545,1.8806951001,-0.3418129108
sample_076,-1.5905047106,54.4686417595,-0.0342938136,-0.4461955877,-0.0450637234,-0.5848763755,0.0593433459,-1.5357794474,1.7865876008,1.9547964287,0.2194551878,-1.0400050497,-0.2303435461,-1.5930578239,-0.6826026549,-0.8995532039,-1.6590053630,-0.6294532704,-1.2035306096,0.0111824420,0.9451176133,0.5206484337,2.0195577128,0.1454461209,-0.1513689017,1.2394183084
sample_077,-2.1593812630,37.4453346973,-0.7615845782,-0.3436488426,-1.3832712316,0.0883379296,0.9119232552,0.3289274451,0.4001371870,-0.9772923330,-0.2235628385,0.1505263563,0.7353416008,-0.0499132348,0.9373212395,0.4522746650,-0.9567814154,0.1235207785,0.0556096406,1.5566714223,0.9487897593,1.5115058582,-0.6286269774,0.0906175024,-0.0376356872,-1.7319047533
sample_078,2.4159693828,45.1658696572,0.6935825699,0.3441099675,0.1720581864,0.6286841438,-0.7577799979,-0.7334124589,1.5467591440,1.1224654163,1.2890204385,2.2366504792,0.7224102750,0.8397188976,-1.0928905908,0.6566323035,0.4076432431,-1.0525681196,-0.1769901614,-0.3063490065,0.5392099621,-0.3878785453,0.5090510518,0.2432165286,-0.6460404658,0.1363217927
sample_079,-10.1889354614,60.0274172013,0.6950806478,-0.0440253517,-0.0299820643,0.8196151696,-1.7056309692,-1.8226210066,-2.0247318274,-0.0729062931,0.4375753310,-1.9714296375,0.5518978626,-0.6439343219,-1.5412850547,-0.8887607975,0.1797990202,-0.2234042794,0.1680382173,-0.6264735805,-1.1075114636,-1.9800901421,-1.7348246943,-0.4449626995,-0.2504215269,-0.6415334442
sample_080,-1.5474812479,40.9954393271,-0.1141458682,1.0514023550,-0.0959371408,0.2536251853,0.4083778126,-0.2691786124,-0.2728938766,-1.0759407473,0.6580366093,-0.3580202648,0.0389475085,1.6959320188,-0.0764377271,-0.4388679818,0.3588303535,0.1067951382,-0.1103180925,-0.3124006062,-0.1663201478,-0.6214058854,0.8964035175,1.2214943040,-0.7655980460,0.6270350402
sample_081,1.1893815062,59.6629508160,0.6905312820,-0.1987705084,-1.7255389795,0.0958552620,-1.2899270678,-0.7766628662,-2.2227513756,-0.0410640211,-0.1082779555,-0.2589076421,-0.2782105245,-0.8166072405,0.2832694456,0.6036095165,1.6706672963,-0.0322887074,-0.4394919986,-0.7495622441,-1.3386926180,-2.1113277347,-2.1770792897,-1.2854016919,0.9062935097,0.2377835819
sample_082,1.2180985761,42.5065201514,-0.3652902897,0.2074960714,1.2245531971,0.5093700865,0.2964667272,0.2860803851,0.4378996978,1.4236607654,0.2527195518,-0.4700720849,0.1355250083,0.5709961839,-1.9885885406,0.0505068508,-0.5881381305,-0.5046859055,1.6753764316,0.1873860598,0.4157854791,-0.0053436903,0.5011354643,0.3806070557,-0.9847234696,-0.4219082806
sample_083,2.3159891688,66.3974669232,0.3270609143,1.3760410017,1.7185001624,0.9935032271,0.5628467290,1.7850894033,0.1143402972,-0.6088741403,-0.0076212328,0.3080939655,-0.4168670664,-0.2319307504,0.4521220136,1.4914070652,1.2621297436,0.5048281729,0.7728489343,-0.5323369860,1.3220381708,-0.4336984197,0.7186276939,2.1227635153,-0.1535358925,-0.1995060605
sample_084,-0.1607422324,64.5761329909,-0.0990769157,1.0302105888,0.6660795067,2.1111402546,2.1396496929,0.9534804526,1.0085789798,-0.0509771673,-0.8071166522,0.4899646910,-0.4047117901,0.0447111465,0.3133602634,0.2706555801,-0.9555669234,-0.1615357619,-0.6204058115,0.3103068634,-0.4999256739,-1.2769132263,-2.4300358013,-1.8915393883,-0.6979965543,-2.2152343025
sample_085,-4.3724799770,44.8146504830,1.2104302862,0.4045567091,1.1547950224,-0.0670875604,-0.0131961058,-0.6021374696,-1.1781822958,1.2517392895,-0.2480406150,-0.4530415606,-0.1524915010,-1.1300318455,-2.4657482797,-0.9174792244,1.3369006481,-0.2438115950,0.5915093021,0.1569212678,-1.6885187074,-0.7048249310,-1.7981277857,-0.6774729452,-1.7024830782,-1.6040092249
sample_086,4.0100709337,47.6544902571,-0.2623481534,-1.7228566617,0.4702278964,0.1481581403,-0.7547475252,0.0399103794,0.4284548105,-0.4976103663,-0.6779720892,-0.7174640342,-1.5085170397,-2.0208807635,-1.4684197120,-0.9331079852,-0.4014876762,-0.8470291276,-1.5141632549,1.0827520351,-0.8212365555,-0.1143183771,-0.8941153366,-1.1216767110,-0.1197767935,1.6293896126
sample_087,1.4943691178,40.8487091591,-0.2851385376,0.1006568877,1.0267787169,-0.1583081920,0.3951400888,0.6202196409,0.7164080621,0.2554170863,-1.4937321723,-2.5868772491,0.3418956690,-1.1260982741,1.2450229430,-0.2834560869,-0.1388342743,1.4371593796,1.8458421261,-1.0746669692,-0.9142267591,0.2054836750,0.5187483405,0.0417167347,-0.2420635684,1.2864134030
sample_088,0.2978899141,52.2000218094,-1.8406346640,-1.6234587563,0.2558376112,0.1058189709,1.4077252357,0.9151768612,2.1243594368,0.7872065745,0.7542354355,0.1951867023,0.8330093774,-1.3527109869,-1.5959110004,0.2931724903,0.3148006980,0.1191932107,-1.0815158078,-0.4539740393,-0.6477810307,-0.1758538394,2.1442242164,1.2497250315,1.5398105913,0.3022758156
sample_089,5.1622476047,62.6408754185,1.3745176004,-0.3186052680,-0.4031732733,0.2245283043,-1.2286283238,-0.0911413806,0.3470631016,-1.7539512893,-0.0057690769,1.0949956755,0.5049916353,-0.0371119878,-0.7206825568,0.1079470703,-0.4942258049,0.2424048999,2.0510808580,-1.5221452390,-0.2296520941,0.9996375583,-0.0202748040,1.1083683714,0.6285293155,0.7739258077
sample_090,2.1111198942,34.0856749945,0.7762649263,0.2957630969,-0.3094434720,-0.4260172253,-0.6630872811,0.7330330295,1.6437297962,1.6400497860,0.8651703753,-0.3667959726,0.2536272043,-0.5042107045,-2.2166689880,-0.6998361661,-1.8245827647,-0.2595759636,-1.6537557200,0.5830529895,-0.3505272640,-0.6572242391,-0.5334980828,1.5638517505,-0.3991800289,0.1812748130
sample_091,2.5368845217,60.0919328929,-0.1197681330,-0.7618776531,-0.5258025021,-0.7280476589,0.8142016852,-0.4613694181,0.7597322648,-0.1918062962,-0.3457166838,-1.7599140225,-2.3038337702,-0.9631712173,0.2828030367,-0.8451824075,-0.1101396143,-0.2889831644,-0.3835993971,1.0973575186,0.7155422621,0.7899678804,-1.9977998298,-1.2996410973,-0.3683062862,-0.5340011963
sample_092,-0.7361507626,35.4366966908,-0.4346417526,0.7477462408,0.9088867595,1.4764319539,0.1546442726,-0.2144026474,-1.1831306673,-1.2625310486,-0.4791412862,-1.2956091991,-2.0661213768,-0.0009478142,0.1645891670,1.3324527946,0.1351981382,0.4929709690,2.3209638656,0.1809428943,0.4316477824,1.8967628502,-1.0380164816,1.3273486277,0.9129775675,0.8818012955
sample_093,-0.1070507203,40.5430733311,-1.0364414527,-1.1448138016,-0.9056602599,-0.3342660326,0.6426087140,-0.9186835048,1.0977558140,1.9870432831,0.6034459110,0.7969393274,0.1014250507,0.0269690080,-2.1286319873,-1.3356360312,0.4267891012,-0.6067643056,-1.0512482974,2.3185630604,0.9509220555,0.0979270010,0.6487820817,0.5929969579,-0.2276743980,0.9278664095
sample_094,-1.5075204416,30.3352586302,-0.5417772364,0.3008026628,-0.9160043387,-1.7187347239,-0.6336031583,-0.1446364051,-0.1445566466,0.0689552080,-0.8327797773,-1.0483271663,1.1091010075,-0.4401456470,-1.6996880847,-0.2368619189,0.4437908326,2.7643524354,0.5651033594,1.0662011216,0.7814034919,0.3127574126,-0.8921298328,0.7738825466,0.7736272632,2.3677316181
sample_095,1.3939493950,73.1544011280,-1.9169783645,-1.7498112216,0.3775975240,1.1939440838,1.1301247353,-0.7279160022,-0.5646415271,-0.6412498311,-0.9496260524,-0.7901660206,-0.5109710010,-1.4022787356,-0.4687970133,0.0232533994,-0.5552105493,-0.0842638307,-1.2189040168,-0.5934198304,0.1721974141,1.4547039467,-0.0828410649,-0.9287749125,0.7097323318,0.4604191355
sample_096,3.1260824001,50.6457187494,1.5368497988,1.1977286619,0.1116191263,-0.9374724655,0.0643206396,-0.5251689701,0.8521237047,1.3460063239,-0.2986700246,-1.1593464909,0.4202338315,-0.1749417703,0.0433982973,0.6969072075,-1.0145471689,0.7599664246,0.2037320002,0.6728433771,0.5139977770,-0.1026179334,-0.0788395871,-0.5025987575,-0.6110067868,-0.1467539833
sample_097,-1.3486375380,52.6922793155,-1.0828063575,-0.0291264476,-0.3199467545,1.3755558283,1.1317216705,0.8734691614,-0.0246850831,-1.5520041304,-0.9775094659,0.6480606553,2.0457695330,1.4051450516,-1.0483861899,-1.8082849699,-0.0260058833,0.6194879458,1.6933014131,0.6864238174,0.0253406346,0.4860269242,-0.3439306937,0.7509856463,1.2304727867,0.7468772525
sample_098,-1.1056218002,42.5627288582,-0.8543961826,0.2899093561,-0.4686043089,-0.2968859695,-0.9561339772,0.7025452639,0.1899028578,0.5858494311,1.0751520525,1.3799723953,-1.1020397484,-0.1800430400,-0.5871679923,0.9407081547,0.5887678443,-0.1047730669,0.6332484409,0.0826838586,-1.2649142892,-0.2076708605,-0.6334250821,-2.0810870047,0.6067044051,1.7611259143
sample_099,1.7783878818,61.7366333369,0.7549743545,0.5612858916,-0.3035491641,-1.1353154077,-2.5976600664,0.0550703942,-0.5698180786,-1.6382576616,-1.1668648750,-0.3960375453,2.0467867407,2.9167107415,1.9901827453,0.0039978220,-1.0882173766,-0.6196829998,-1.2944041277,1.9203146103,-0.3021399755,0.3382761487,0.4723404783,0.2892248334,1.7358872219,2.0019871117
sample_100,4.6660300980,26.8650557371,0.7802838441,-0.5902845316,0.9583201365,-0.2241551511,-1.1832904407,-0.0578735059,0.1590725975,-0.0304663088,-0.5678915810,0.3310982762,-1.1261519496,0.6462922472,-0.0555473130,0.0378909733,0.1215381075,0.4525321944,0.6393996257,-1.0458514125,-0.2444985639,0.0495388961,-0.5158518497,0.3716316882,0.4226778364,0.5150244036
sample_101,0.6324231801,50.2933197371,-0.3866138802,0.0745962022,0.1970740723,0.4228085152,1.6343604897,-0.0645412097,1.1138566753,0.5599967882,0.3707762988,1.9040609694,-0.3207064425,0.4094109832,0.5322088059,0.6802082599,-1.1988139697,0.6620871546,-0.2249055445,0.0924814297,1.1105578452,-0.6774325400,0.9880273319,0.3535153949,-0.4787877455,-0.7432872056
sample_102,0.3051275195,74.2739722038,-0.5881223433,-0.0219761992,-0.1967619063,0.4872438412,-0.1867863969,0.9855938252,-1.2304348543,-1.1819213670,-1.2831091274,0.0097558516,-0.8504838977,-0.5848423329,-1.8401400699,-0.0576356656,-0.1887450793,-0.5592221398,-0.9533022101,0.5569845381,-0.1947753034,-0.2973568421,0.0100944356,-0.8259929305,-0.2448557042,2.4892235602
sample_103,1.1401893896,45.7974058595,-1.5663105075,-1.4354924838,0.9912289098,-0.3069178126,-1.1753024793,-2.2582986918,0.0689642302,0.8892365458,0.4131921959,0.7556653175,-0.8460440686,-0.8442739388,-0.8446072168,0.5348250721,1.0488558138,0.7821093868,1.9488456682,1.4507209703,0.8443406520,1.7504279592,0.5043687180,-0.1898220649,0.0377969732,-0.3106646430
sample_104,1.1836530173,50.1886229847,0.0485446771,0.2090208717,-0.1874612886,-0.6636345606,-0.5385802716,-0.4655847044,-0.3155546356,-1.5252116077,-0.5841168785,-0.7501205255,-0.5655619265,-1.6737878855,-0.6714647849,0.8197760479,0.2669338227,1.2093621077,0.2527179598,1.0537646408,0.7757344668,-0.1013556420,0.3805848541,1.3001278170,0.3752496295,1.0266022621
sample_105,5.0294867559,57.3945629266,1.7959096262,0.6858438949,1.1564128884,1.0609967939,-0.0064953601,0.3734917237,2.1647668816,2.2910441460,1.3714128761,-1.2908815407,0.5482181891,1.2760080518,0.4468893109,-0.1453208799,2.8459149201,0.3300609430,2.0633514833,-0.8999422025,0.1189741231,-0.0751044315,-2.3698819117,-0.3610731088,0.5752081696,1.0493361649
sample_106,-0.7618588785,41.0740425814,-1.3801371359,-1.4006646889,-1.0881242541,0.7771911541,0.6222582963,-1.7414895536,-1.1205374541,-0.1614523472,0.3211095762,1.0404103862,0.4908565898,1.0843696536,-0.7722650630,-1.1237003564,-0.8553584891,1.4931528234,-0.0494393469,-0.5734591243,-0.0081694654,-0.2596465516,-0.0819690524,-0.3475056821,-0.5751615219,-0.8930079349
sample_107,-0.8631468698,50.2512967897,0.0621958799,1.0322371340,-0.0103808311,0.1057428709,0.2933506347,-0.2903973808,0.4262160290,-1.3317251205,0.0780210314,-1.3217448278,-0.8135005140,-0.7795034346,-0.9726808711,1.2748103719,-0.0207011229,-0.1990320195,-0.5213624993,0.2143421281,-0.3728637400,-1.1100487878,-2.0090525985,-0.5424743525,0.4100231992,0.0904748661
sample_108,2.0798586026,60.5709471075,0.5335356972,-0.7282311450,-1.3294261406,-1.3890538746,-0.5980900648,1.0300564837,2.3149766681,-0.4972915124,0.0116815511,1.5198904144,1.2310335441,0.5091631976,-2.0097691615,-0.5990632857,-0.4285145039,-0.3228966488,-0.3165024020,-1.3940637087,-2.1905079657,-1.1139921312,1.0962703922,0.7347246676,0.8897603486,1.3805992847
sample_109,2.1209698118,52.1383068561,-0.2479077791,0.3722048171,1.5794544221,1.4257388481,0.3440455020,0.2863172500,0.1827027941,-0.0326825039,0.0609350339,0.5886069548,-0.5271332684,-0.1191634766,1.0176003164,0.1522800703,-1.2678933764,1.0881986329,0.1304217006,1.4800708246,1.2162070314,0.7820621350,-0.0806267875,-0.6304053619,-2.1802825557,-1.9171460351
sample_110,4.1981563493,54.0808576539,0.3070186929,-0.9412850187,0.5620221148,0.5809590892,1.4958571650,-1.3925945733,0.9980353385,-0.6395827810,0.1293946489,-0.3037473386,-0.7328467852,0.7492349264,-1.0790346369,-1.5264874662,0.1347107605,0.8326563264,-0.6926738856,0.6094262546,0.3413987760,0.0238570667,-0.1189215055,0.5334151748,0.2763558712,1.9790238268
sample_111,0.7949117133,46.1562214881,-1.0045408679,-0.8303405128,-0.1462284389,-0.6592466293,0.2615028174,-0.8049481062,-0.2730893736,-0.6464734519,0.0205786255,0.1881018935,-0.1314985352,0.2586494090,1.4046870695,1.7261589351,0.2348743994,-0.4622569711,-1.9283223317,-1.9500799786,-2.1053834476,0.4296659494,0.0266808730,0.2697836880,-2.3256070425,0.4199461448
sample_112,-2.2243807793,53.4716116485,-2.3059534838,-0.6855940808,0.1166946093,-0.3810846928,-0.3157969170,1.2167574406,0.8317936739,0.7227183684,-0.8227552284,1.7296615675,0.9813189620,0.9741897609,-1.1481673866,-0.8471145853,-0.1129059914,0.3816033725,-0.2561169783,-0.8533643162,0.3618011775,1.0625637797,-0.6362479215,-2.5162882875,-0.2749988711,-0.8916028318
sample_113,-0.6450962352,50.6134222497,-0.3534580730,-0.6995731600,-1.2474545635,-0.5101528446,-0.0335237692,-1.8169490960,0.2101872271,1.5545095659,0.0248132725,0.0480560045,-0.5281615752,1.0586862125,0.3802236511,0.1213912035,-0.5756289576,-0.3059047440,-1.1892733960,-1.1946485547,-0.6039321634,1.3599128054,1.3784170295,-0.2352487569,-1.7703729317,-1.6084314294
sample_114,6.9476573646,66.0057138380,0.5457531913,-2.3174946600,-0.8608546699,-1.1006566506,0.0524145534,-0.6566940292,-0.7886692708,-2.4940603818,-2.6933834818,0.5749408555,-0.9973374582,-0.2570459553,0.9542083815,0.6748451581,0.6114137689,0.3761402443,-1.0245290066,-1.2752203614,-1.3447181218,-1.0057833346,-0.5089153270,-0.6276859079,-1.1808833297,-0.9791173849
sample_115,2.0837003896,57.9683396017,0.6785178402,0.1448023066,-0.5235703515,-1.0584618323,-0.8820245432,-0.5480503837,0.1492387031,0.5188974302,-0.1314464559,1.5448959576,0.2753155984,2.0252906830,0.5942423439,-0.0969074506,0.5248131337,0.5874655593,1.6917290334,1.7959594271,-0.9566603214,0.0559471149,0.2644216573,-0.7324299077,-0.5194700596,-1.4279163579
sample_116,1.1952797382,47.3194999814,-0.2666313344,-0.2174356005,0.3313661201,1.6685374988,-0.0430079879,0.6789433287,-0.1792516130,-0.0413317772,-1.3572885060,0.6441545934,1.9827606514,0.0848628747,-0.7841788820,1.3526489117,2.0324237081,0.4368717964,-0.3883359143,-0.1866263336,-0.0386298304,0.9696126768,0.6437542878,0.4134575838,-0.8784499882,-0.3195542730
sample_117,-1.2988572319,23.0850628407,-0.1279334567,1.3994712361,0.8155262960,0.2256779175,-0.6508118621,-1.3723418305,-0.8265953937,-0.7428598008,0.1998943001,0.3107326610,0.1911938893,0.3718747106,0.1493822567,-0.7791063989,0.2037193272,0.4199480311,0.0694263117,0.1002608881,-1.0026881374,-3.5879207312,-0.7377925896,-0.1589216226,0.2337206064,-0.6412359358
sample_118,-1.7964274955,57.8729437081,-0.0285949023,1.0441164608,0.7106774128,0.3920765758,-0.2387971649,0.1982458582,-0.2095567267,-0.5288957153,-2.0772816975,-1.2446786122,-2.9016704666,-2.6028206406,-0.7344594962,-1.1781543743,-1.2549548570,-0.2015818339,2.1272267585,1.4431114145,-0.8509284125,1.4590482575,0.5178978046,-0.5423355180,0.4889367456,0.5488063530
sample_119,2.3747492936,58.3079224843,0.5792805143,0.3431487893,0.9931831084,-0.6189155583,-1.0460062010,-0.0682753415,0.8544886470,-0.3380214942,-0.7630252808,-0.2981762465,1.3060673461,0.7320360892,0.0356415349,1.0881995710,0.9667972060,1.2858166727,1.6543272111,0.0594598841,-0.6309770476,-0.0174414202,1.0677728943,2.0509031058,0.9663671259,0.0431637162
sample_120,0.8031652056,39.9140122411,0.7226987856,1.9475679345,0.9740676676,1.1097477956,-0.5794041923,0.0079858431,1.0016572965,0.7940264159,0.9136486901,-0.3377146607,0.8561316956,2.1785011753,1.9490259095,-0.7057629425,-1.5609792352,-0.1488040283,0.7437450091,-2.0112093281,-0.6212080686,0.0634996870,-0.2509680550,0.0476013161,-0.6885297216,0.0101127158
sample_121,6.1383175854,28.0179473594,1.3544662555,-1.9091994972,-0.1774842024,1.8234517246,-1.2393288207,-0.0260020123,0.0477605876,-1.4455786954,0.2719469471,-0.7167116183,0.0095032077,2.0563678505,-0.9734615832,-1.1017616805,-0.7556331289,1.5210679580,0.7818608813,-1.0441260074,-0.4659681154,1.0531246658,0.7923335904,0.0198965014,-0.7396172860,0.2292590743
sample_122,2.1942609504,37.4401223839,-1.2524783731,-2.3649658767,-0.6227648500,0.7950358421,-0.9750927461,-0.5545884456,-0.8040387059,0.1606561780,0.3445995946,-0.3141114882,-0.8814784056,-0.1324996206,-1.2748688335,-0.8822241430,-1.1839090620,0.8768160810,0.6164180683,0.3154575076,0.2059743240,-0.2457953625,0.6428391575,0.6678530614,0.5702327666,-0.0144660487
sample_123,-0.6437515109,60.1880763671,-1.8247185453,-0.9041104202,0.0952670661,-0.9721738702,-0.7796319542,-0.5555850796,-1.0044732742,1.0084124604,1.1355643219,1.4188099844,0.5634335200,0.1913096860,0.0162895208,0.8310533266,-0.0401838918,-0.6813740959,-1.6313779034,-0.4024330918,-1.6357130705,-1.9932820966,0.1737903655,-0.8045945301,0.4634648301,-1.1517795468
sample_124,-1.8139584427,38.2874035864,-0.8348442875,0.5270934061,0.3053996137,0.3651909879,0.7868902192,-0.9138321137,-0.0996470210,0.1349545064,-0.7443408913,-1.8821586550,-0.9275298363,-1.3401609645,-0.3426777420,1.5970619562,1.3631215723,-0.3912867586,0.4079909541,-0.9675676391,0.7641958700,-1.3804502445,-0.4181535458,-1.4299212519,-0.1870111465,1.0163204583
sample_125,-0.9546992979,44.9452233747,-1.2608772740,-2.2114205293,-2.3464788901,0.0723941220,0.1209961334,1.5531125573,-0.5871660674,0.7744684710,-1.6894744748,-1.4438488617,-1.5483218929,-0.4483610925,1.0951572050,-0.1556891157,0.6368147891,1.7471082401,0.4468427499,-0.1094779756,-0.0821503987,1.8609126405,-0.3861317294,-0.5818392690,-0.0019151739,-0.2793403075
sample_126,-0.5486247806,52.4243346525,-0.4821677342,0.2255080556,0.2972961847,0.8978335693,1.2781700647,-0.5636967080,0.2973156083,-0.9341072331,-1.7915081369,0.1013641295,0.5988624456,-0.5611729250,1.1695655387,1.0730560652,0.4596383747,-0.9581447479,-0.1632022645,-0.8093547217,-0.2471409311,-0.5510196436,-0.8666352945,-1.1822704270,0.6906330732,-0.3879679779
sample_127,0.6234135104,63.4680477991,0.3165681091,0.4006782560,-0.1017036396,0.1424898208,-0.5682347684,0.0979992810,0.2920153692,1.1422236511,1.8302161499,2.4045239965,3.1464120663,0.8690566942,1.0326483772,0.8539536431,1.3878099420,1.4867326999,1.2074011448,0.2627893732,0.0933085710,-1.6161709755,-0.8657418013,-1.5574682730,1.0560601210,-0.3869554642
sample_128,-0.4194797287,49.8002709329,0.9705654080,1.5957658511,-0.8524682720,-1.3556978032,0.0700878353,1.7424019249,0.8233886588,0.4769809475,1.5387037573,-1.0053364728,-0.9212474748,0.5235387696,1.5749526098,1.1904477224,-0.4082968973,-0.6301655486,-0.2303617269,0.2114825041,-0.2784949852,-0.0574591725,0.9306136857,-0.3993889307,-0.7300713123,1.4020564871
sample_129,-1.1537798324,48.8957394061,-0.2279325979,0.6108859379,-0.2224008768,1.8685380381,0.3265021838,0.1903525786,0.7404478413,-1.1302053331,-1.8030448122,-0.4414595724,0.4015015796,-1.8399290930,-0.8201206417,-0.9696586778,1.4451474676,-2.9345495553,-0.6352443380,0.9683403791,-1.1377663285,-1.1102718535,0.1160787403,-0.9624495904,0.3158889206,0.7118079762
sample_130,-0.7079523396,43.9626564616,-0.3245775516,0.5126550223,1.9688905302,1.9031558313,0.5436110961,1.1160922045,0.5227910252,-0.1803097090,-0.0064002266,1.2838985923,-0.4911905605,-1.2035001381,-1.2268119397,-1.7230516133,-0.7747955583,0.5717345536,-0.8125434800,0.2070610510,1.6693540082,0.6839400817,0.0126257185,0.5962421718,0.7505704961,0.3679832712
sample_131,-0.1023657824,67.9371806732,-0.7155312854,1.0130993567,1.5385246154,-0.4405483842,-1.2457667459,-0.1776693627,0.1040773848,-1.3872496509,-0.8350148245,-0.6657863022,-1.5591825465,-1.6843288513,-0.4985116140,-2.3407619290,-0.7375993796,0.0427306055,0.5210037050,0.0881460180,-1.1821569397,-0.4898475059,-0.1301502630,-1.6830817581,-0.7221145438,-0.4576011828
sample_132,1.3818759543,61.7254540785,0.1534226556,1.1131346930,0.9850235063,-1.1295234263,-0.6063199950,-0.5241746965,0.6232323136,-1.1070737133,-0.6563824721,-0.0900639191,-0.0511663511,0.2001696346,0.1255619865,-1.2490458493,-0.7712661637,-0.2138246858,-0.3062290068,-0.2535167222,-0.7805071139,-0.9826283392,1.1797641461,-0.3399315298,-1.1692316905,-0.2183845331
sample_133,10.2683411486,48.9536425487,-0.3732311646,0.6646325780,0.3924553732,1.0883452750,2.2709177743,0.4034803403,0.2296115216,0.8806912623,1.9982434901,0.2079482823,-0.0757446546,-0.7161721735,-0.0429071602,-0.1446727012,0.3267710948,0.7324843613,-0.6887406126,-1.5883897909,-0.4111382413,-0.7363579122,-0.3406334742,-0.0366970102,-1.1172756685,0.4934035592
sample_134,-0.1502421965,34.6376300397,-0.7828188227,-1.0885430260,-0.8218526098,-0.7294134848,-0.7144253286,0.7891976512,0.7784887067,-0.1531416874,0.4861328295,-0.2589835160,1.7394314547,0.9701095954,1.3361826268,1.7017454411,1.3897413744,0.6587887283,-1.0501542265,-1.6568892706,-0.2973147551,1.0024779190,-0.6716474118,-1.9577980910,-2.5694277922,0.9737396903
sample_135,-0.1036535578,41.3068153498,0.1047417970,-0.2178611135,-1.2181764687,1.1427017185,0.2965762846,1.4139373927,1.2848062762,0.5281565297,-0.7189238226,-0.2457526384,1.2168345414,0.6404443552,-1.3495552588,0.0014602504,-0.3759239705,-0.4244355767,0.0721971938,-1.3878783144,-1.1621560985,-0.3719020875,-0.3629625110,-0.9922807774,-0.7750611316,-1.8226304562
sample_136,4.4469475320,56.3742980307,0.9953704791,0.6533075870,1.5627969257,-0.8295805739,1.1048395364,1.5702467131,0.1564616374,-0.2778312098,-0.3658174737,-0.0332471644,0.1027596271,0.7499529864,-0.6503672210,-0.5991726113,-0.1727876024,0.2778943568,0.5143937282,0.6245430361,0.6356054575,0.5083326659,0.9786560566,0.1152472819,1.0191144487,2.5105165291
sample_137,6.2845494025,42.0637456188,1.9875943692,-0.5565221104,-0.0847185493,-1.6466991901,-1.9732510128,-0.3727436464,0.2489165943,0.6727287628,-0.8527069691,1.1042479860,0.4478614656,0.5879606596,-0.5854535597,0.2293440930,0.5814629564,0.4033550138,0.3273521752,1.1465722654,1.1194975063,-1.3515562834,-1.4525953478,-0.4436868479,-0.6533253593,-0.3892160232
sample_138,1.9965407491,59.8150024811,0.3159234937,0.6322292928,0.4275650822,0.2614595360,0.5192464720,-1.0395965476,0.2069778716,1.0225445795,-0.3306584710,-0.2542118408,-1.4445810743,-1.2011316871,0.5881414746,-0.7910606234,-0.6913993216,0.6651504681,0.5525313256,-1.1704694561,-2.1094366887,-2.1691865236,-0.3692618266,-0.6137142264,-0.2632536540,-0.9338107579
sample_139,0.9796321299,53.9760438798,-0.1993730712,-0.5239967356,-0.7279338271,-1.6006052480,-1.4560670644,-0.4873076974,-0.9463297678,-0.9883876084,-1.3438237028,-1.1864309655,-1.5728215030,-0.6737555641,-0.1200539500,-0.2552467016,-0.0716798252,-0.6525441436,0.0545173668,0.0174589874,-0.0453071171,0.5554988352,1.2547245497,-0.8009929095,0.5912397599,-0.2630831440
sample_140,-0.4102822365,53.2191653136,-1.1367426587,-0.8109113220,-0.6904102370,-1.4837520170,-0.5429445367,-1.8566936452,-2.7094082213,-0.4653669047,0.0347794096,-0.0856134027,1.3823622683,0.6673440380,-0.9052911361,-0.5737939876,1.2883007623,0.7807721424,1.0651918210,-0.2244374771,-0.6472833102,0.6013872607,0.8446484589,0.0050750759,-1.7117639339,-0.2464947457
sample_141,-0.6959844751,57.1878925382,-0.6332720091,-0.1429408757,-0.4950976889,-0.8397801025,-0.0149501618,0.9706672774,0.3274324935,0.1351174708,-0.2726789484,0.1565864878,0.3289852310,-0.2829939445,-1.4053483914,-2.0059663877,0.6885736438,-0.2035158465,-0.5262129734,-1.2276478215,-0.5746410083,-0.1569485804,-0.7181097735,-1.5093563348,-1.2660995099,0.8720621478
sample_142,-3.0174355425,55.4844663257,-1.6966541651,0.4732167723,0.4403559986,-0.6216991505,0.9626732363,-0.9116114890,0.8540646746,1.7019986337,0.9985983006,0.7956248581,-1.1192568851,0.2033237036,0.9797207739,-1.2077025541,-2.1652384275,-0.2277351711,0.5761409478,-1.3137513138,0.2299781782,0.2552540354,-0.0441659041,-0.8848330032,0.1566179392,-0.8954448116
sample_143,7.0692836563,40.5930470595,1.7041679999,-0.5220685750,1.4651589658,0.2842265884,-0.8324030194,-0.2788371747,1.4504752049,0.5500920854,1.6870333559,-0.2881941961,-0.4012453043,0.6676934982,-1.0836765097,-1.8060868469,0.9129844552,0.4260564061,0.8270106283,-0.9647585136,-0.5901435343,-0.2316618842,-0.2699112814,-0.1514677034,-0.0813897704,0.2408837683
sample_144,-2.3502734025,46.4158696687,-2.1202914888,-1.3525278055,-0.8827057215,-1.3591573996,-1.5818750257,0.5575291132,0.6030681467,-0.5879479296,1.0787037013,1.8892480164,-1.2810306238,-0.1936255394,0.8796025779,0.3941682396,1.6990210789,1.6471479332,0.4733696139,0.0537581285,-0.4859655444,-0.5208933442,0.5738978607,1.7528647429,2.1098184821,0.4057876345
sample_145,3.9696671011,75.7379769510,0.3446245292,0.4701682013,2.2101557304,-0.3482521011,0.0632375924,0.3363873006,0.3280114224,-0.4054668370,-0.0966042480,1.7722638408,0.5301567689,-1.5261581008,-0.0173830248,-0.7294075137,0.5248944625,-0.2652607395,-0.2790281028,0.8426184732,0.6633705110,0.7027407806,-0.1165042338,-0.0673551575,-0.5728738344,0.1926657943
sample_146,0.8641392769,36.7135777104,-0.2700148650,0.2522386813,0.4293441260,0.0672145353,1.8863413929,2.3634566701,0.7818459234,-0.2801071659,-0.5486845074,0.6528792053,2.0900277172,0.7245514542,0.5439323520,-0.7742270611,-0.2593609001,0.2297785352,0.4303547972,0.1620237900,-0.0544586882,-0.9494149683,0.0126234502,0.5536822299,1.1393307425,0.5711743803
sample_147,0.5892237115,44.7800054448,-0.3771750881,0.0890659651,-0.0356372177,0.4607413253,1.1753693262,0.4264373491,-1.7976235544,-1.1063470037,-2.3731893921,-2.4748568579,-0.9563077550,-0.5125103616,-0.1483541477,-0.4209395740,0.9500050185,-0.5204175643,-0.8708729892,0.5137461415,0.1945926832,-1.0493112265,0.3310663513,-0.2303940174,-1.3699309702,-2.2084613311
sample_148,4.4582314940,61.7226768157,1.8151396817,0.9323997111,0.3983205749,-0.0433139494,0.3092482412,0.8920718198,0.6945529095,0.4596085417,-0.0749565245,-1.3204093007,-1.0586519348,-1.0107979818,-2.2065567535,-1.6402869694,-0.7926594039,-1.1056916001,1.3482356015,0.0061763907,-0.3834979905,0.4236909891,-0.1678117331,-1.6538845863,-0.5890390281,-1.0780617482
sample_149,0.7156475556,48.2481341419,-0.2599381135,-0.3567610931,0.1476833168,0.8738635733,2.3346430533,0.6991579148,-0.7278598707,-0.5972641126,-0.1851690531,-0.9715265670,-0.0847633372,-0.3270082196,-0.5091745776,0.0090408004,1.1512574143,0.3500189267,-1.2760189282,-0.3172535577,0.7769228684,0.2268560167,0.2433436687,0.5923032152,-0.4506001360,0.3267214850
sample_150,-1.8621941746,41.0666573571,-1.8968508790,-0.1852020919,0.6814726580,0.9351790257,1.4476013057,-0.7647258436,-0.0970533693,-0.0141378196,-1.2251525871,0.3113621387,0.7661749033,-1.5844418037,-0.1777129845,-0.9682701750,-0.6945673621,-0.1320312736,-0.5249565703,0.2298061911,0.8331199783,0.2373816658,1.1882644495,0.8300825385,-2.2324873100,-1.9999115380
sample_151,-3.8366183873,35.4450883687,-1.2001245700,-0.2301471499,-1.9401258994,-1.0553064802,1.1987874645,-0.0488797561,-0.8902794299,-0.3643329600,-1.2565045849,-1.2789080553,-0.1184797912,0.9857150156,-0.3102420472,0.2903403685,0.5240809356,1.4228748637,0.8280654404,0.2144621297,-0.8689277246,0.5940265505,0.2731560242,-0.3869157998,1.4472322547,-0.5690945833
sample_152,4.5523215198,55.8963071658,0.8564080082,-0.6106046411,-0.1666461852,-0.5821646523,0.2100970423,-0.8832424369,0.2390792701,-1.3703630951,-0.9884862373,0.2493923906,-0.1010317096,-0.3225000831,-1.8453020693,-0.2831049464,-1.1238559805,0.6992491688,-0.6507959012,-0.7146824156,0.1866402171,-2.0081350179,-1.0731505135,-1.7567870838,-2.3044149058,-1.6389285655
sample_153,8.7007856120,61.2188171302,2.0778285267,-0.9285801637,1.3559428881,1.0989439799,0.9059470123,-0.0858464428,-0.7187524281,-2.3094300398,-0.3726786064,0.9046413749,1.1245658287,-1.5181545988,-0.3339749175,-1.1457720695,0.0043558760,-0.2269545913,0.5651565557,-0.4522667288,0.5481081029,1.5414246867,1.0171048201,0.1970443722,-1.2462687531,0.8922382456
sample_154,-0.7150127613,65.3988292124,-1.0354932040,-0.2371165533,-0.3676115375,-0.1044028969,1.9490991673,0.9157466484,-1.3677288264,-1.3128807662,-1.2961340467,-0.1457663405,0.7320671928,-1.9737572767,-0.7830604220,-1.2966442849,-0.9023009071,0.5978473654,-0.5898221338,-1.2005672994,-0.3097811149,-0.1529925610,-2.2257659798,-1.3997626876,0.4461142776,1.1739957881
sample_155,-2.0907313110,50.5916736118,-1.8866043346,-0.5100381754,-0.3214335150,-0.2388809447,-0.4011649981,0.1656518119,1.2393733601,-0.4134899029,0.9958130979,1.0073242882,0.4793741370,-0.6145689618,-0.9258953617,0.2889054311,0.5374395183,2.1077957300,0.5051367239,-0.8689404718,0.9568056856,0.2330246555,-0.5034995968,1.2698469588,-0.0330695704,1.9188279297
sample_156,1.8735087953,61.4948660626,-0.1504845622,-0.6301593295,-0.2867648106,0.0563985956,-0.3333446982,-1.0309611024,0.1387716612,-1.1458988006,-1.6221445399,0.6679906979,-0.6047047555,0.7037561296,0.2825774670,-0.0359102163,1.0226740593,2.8593895803,1.5431988946,-1.2338784541,-1.2239241257,-0.3684003868,-0.5542843592,0.2422026381,0.8347834614,0.1269828293
sample_157,12.1852020232,38.6376486342,-1.4081216990,-3.0824628260,-2.4834647562,-1.1923531266,-0.7946323126,-0.4968695615,-1.6226559524,-0.1898856477,1.3364886490,-1.8334062774,-2.8985313232,-0.6811337497,-1.3762497742,-0.1208204880,-1.1757498354,0.4987330502,0.8971646469,-0.8604522859,-0.1550650605,-0.6091231054,-0.2610614104,-0.4782845021,0.2138083532,0.8295627190
sample_158,1.8753584198,51.8482350678,0.7506608683,0.5982269868,-0.4833170769,-2.3042343867,-0.7200236531,-0.3997862383,0.8369467163,0.2563291074,-0.6016608478,-0.6605174991,-0.4800023320,1.9521540830,-0.0827672040,0.3127225277,0.2444469745,0.6566973125,0.8005548738,0.6351219620,0.1348238798,-0.0185115777,-0.5050827930,-0.0046118646,1.5224747880,1.3864587149
sample_159,-0.9898413668,42.5487431889,-1.1148742472,-0.8928666694,-0.9382575924,-0.9675279653,0.2836379828,-1.0984416129,1.3194847346,-0.2291287676,1.1678079414,0.7445983752,-0.9279538915,-0.3771782392,1.0697105060,1.2097188648,0.2225206133,-2.0643514565,-1.6067043360,0.3298343202,-0.0726663575,-0.2605164004,-0.1540456721,0.5180145134,-1.0602020625,-1.5411264505
sample_160,2.4696970686,51.9122271806,-0.9204265515,-2.4498972725,-0.3525089117,-0.6390045861,0.3472010743,0.1569786226,-0.5333579807,-1.8318077475,0.0359594824,0.3177336874,-0.5478072235,-0.1021863832,0.7390867151,0.5652700718,0.6042797288,0.5608677717,0.1417772325,0.5588402965,1.7189711464,-0.4935865625,1.0247772545,0.4838825327,0.8726033838,1.3497772859
